{
    "Nombre de la empresa del estado de cuenta": "GRUPO SOWILO SA DE CV",
    "Numero de cuenta del estado de cuenta": "0151208691",
    "Periodo del estado de cuenta": "01ABR2025_30ABR2025",
    "Saldo inicial de la cuenta": 3052181.21,
    "Saldo final de la cuenta": 1165807.41,
    "Saldo promedio del periodo": 1335121.03,
    "Cantidad total de depositos": 1957213.22,
    "Cantidad total de retiros": 3843587.02,
    "Giro de la empresa": "Servicios funerarios",
    "Top_3_Giros_Probables": [
        "Servicios funerarios",
        "Servicios financieros",
        "Logística y transporte"
    ],
    "Justificacion_Auditoria": "La empresa tiene un giro principal en servicios funerarios, con transacciones relacionadas con la industria del funeral. Además, hay evidencia de transacciones con empresas financieras y logísticas, lo que sugiere una posible expansión o colaboración con estas áreas."
}