[
    {
        "Fecha de la transacción": "02/04/2025",
        "Nombre de la transacción": "SPEI RECIBIDOSANTANDER 6,507.60 8996891URNAS Ref. 0130915541 014 00014180655104628144 20250402400140BET0000489968910",
        "Nombre resumido": "Transferencia SPEI de RECINTO FUNERARIO CENTRAL",
        "Tipo de transacción": "Transferencia",
        "Clasificación": "Ingreso",
        "Quien realiza o recibe el pago": "RECINTO FUNERARIO CENTRAL S DE RL DE CV",
        "Monto de la transacción": 6507.6,
        "Numero de referencia o folio": "0130915541",
        "Numero de cuenta origen": "0130915541",
        "Numero de cuenta destino": "0151208691",
        "Metodo de pago": "SPEI",
        "Sucursal o ubicacion": "",
        "Giro de la transacción": "",
        "Giro sugerido": "",
        "Análisis monto": "",
        "Análisis contraparte": "",
        "Análisis naturaleza": ""
    },
    {
        "Fecha de la transacción": "02/04/2025",
        "Nombre de la transacción": "SPEI RECIBIDOBANORTE 6,965.80 0020425PAGO A GRUPO SOWILO SA DE CV Ref. 0131536826 072 00072780011475886468 7875APR1202504023935608237",
        "Nombre resumido": "Transferencia SPEI de SERGIO MIGUEL GARCIA",
        "Tipo de transacción": "Transferencia",
        "Clasificación": "Ingreso",
        "Quien realiza o recibe el pago": "SERGIO MIGUEL GARCIA MORENO",
        "Monto de la transacción": 6965.8,
        "Numero de referencia o folio": "0131536826",
        "Numero de cuenta origen": "0131536826",
        "Numero de cuenta destino": "0151208691",
        "Metodo de pago": "SPEI",
        "Sucursal o ubicacion": "",
        "Giro de la transacción": "",
        "Giro sugerido": "",
        "Análisis monto": "",
        "Análisis contraparte": "",
        "Análisis naturaleza": ""
    },
    {
        "Fecha de la transacción": "03/04/2025",
        "Nombre de la transacción": "SPEI RECIBIDOSANTANDER 8,444.80 2325498URNAS IND ALT EE18 Ref. 0134924068 014 00014760655090285228 2025040340014BMOVP000409381930",
        "Nombre resumido": "Transferencia SPEI de ESTEBAN BLANCO REA",
        "Tipo de transacción": "Transferencia",
        "Clasificación": "Ingreso",
        "Quien realiza o recibe el pago": "ESTEBAN BLANCO REA",
        "Monto de la transacción": 8444.8,
        "Numero de referencia o folio": "0134924068",
        "Numero de cuenta origen": "0134924068",
        "Numero de cuenta destino": "0151208691",
        "Metodo de pago": "SPEI",
        "Sucursal o ubicacion": "",
        "Giro de la transacción": "",
        "Giro sugerido": "",
        "Análisis monto": "",
        "Análisis contraparte": "",
        "Análisis naturaleza": ""
    },
    {
        "Fecha de la transacción": "03/04/2025",
        "Nombre de la transacción": "SPEI RECIBIDOBANREGIO 4,408.00 0674364F 682 Ref. 0135838926 058 00058150600059901766 058-03/04/2025/03-060OULK520",
        "Nombre resumido": "Transferencia SPEI de SERVICIOS DE PREVISION",
        "Tipo de transacción": "Transferencia",
        "Clasificación": "Ingreso",
        "Quien realiza o recibe el pago": "SERVICIOS DE PREVISION INTEGRAL S.A. DE",
        "Monto de la transacción": 4408.0,
        "Numero de referencia o folio": "0135838926",
        "Numero de cuenta origen": "0135838926",
        "Numero de cuenta destino": "0151208691",
        "Metodo de pago": "SPEI",
        "Sucursal o ubicacion": "",
        "Giro de la transacción": "",
        "Giro sugerido": "",
        "Análisis monto": "",
        "Análisis contraparte": "",
        "Análisis naturaleza": ""
    },
    {
        "Fecha de la transacción": "03/04/2025",
        "Nombre de la transacción": "SPEI RECIBIDOBANORTE 2,041.60 00304252 paq de agujas numero 1 Ref. 0135919815 072 00072180010147182648",
        "Nombre resumido": "Transferencia SPEI de SERVICIOS DE PREVISION",
        "Tipo de transacción": "Transferencia",
        "Clasificación": "Ingreso",
        "Quien realiza o recibe el pago": "SERVICIOS DE PREVISION INTEGRAL S.A. DE",
        "Monto de la transacción": 2041.6,
        "Numero de referencia o folio": "0135919815",
        "Numero de cuenta origen": "0135919815",
        "Numero de cuenta destino": "0151208691",
        "Metodo de pago": "SPEI",
        "Sucursal o ubicacion": "",
        "Giro de la transacción": "",
        "Giro sugerido": "",
        "Análisis monto": "",
        "Análisis contraparte": "",
        "Análisis naturaleza": ""
    },
    {
        "Fecha de la transacción": "03/04/2025",
        "Nombre de la transacción": "SPEI RECIBIDOSTP 15,660.00 0000021PAGO A PROVEEDOR Ref. 0136927345 646 00646180261105600004 4a7cf2f91743719106218 CF TECH SA DE CV",
        "Nombre resumido": "Transferencia SPEI de SI VALE",
        "Tipo de transacción": "Transferencia",
        "Clasificación": "Ingreso",
        "Quien realiza o recibe el pago": "SI VALE",
        "Monto de la transacción": 15660.0,
        "Numero de referencia o folio": "0136927345",
        "Numero de cuenta origen": "0136927345",
        "Numero de cuenta destino": "0151208691",
        "Metodo de pago": "SPEI",
        "Sucursal o ubicacion": "",
        "Giro de la transacción": "",
        "Giro sugerido": "",
        "Análisis monto": "",
        "Análisis contraparte": "",
        "Análisis naturaleza": ""
    },
    {
        "Fecha de la transacción": "04/04/2025",
        "Nombre de la transacción": "SPEI RECIBIDOHSBC 99,267.00 0004143GG11004143 Ref. 0140456097 021 00021180040198973542 HSBC426705",
        "Nombre resumido": "Transferencia SPEI de GRUPO GAYOSSO",
        "Tipo de transacción": "Transferencia",
        "Clasificación": "Ingreso",
        "Quien realiza o recibe el pago": "GRUPO GAYOSSO",
        "Monto de la transacción": 99267.0,
        "Numero de referencia o folio": "0140456097",
        "Numero de cuenta origen": "0140456097",
        "Numero de cuenta destino": "0151208691",
        "Metodo de pago": "SPEI",
        "Sucursal o ubicacion": "",
        "Giro de la transacción": "",
        "Giro sugerido": "",
        "Análisis monto": "",
        "Análisis contraparte": "",
        "Análisis naturaleza": ""
    },
    {
        "Fecha de la transacción": "04/04/2025",
        "Nombre de la transacción": "SPEI RECIBIDOHSBC 69,484.00 0000236GG11000236 Ref. 0140456106 021 00021180040201706761 HSBC426721",
        "Nombre resumido": "Transferencia SPEI de GRUPO GAYOSSO",
        "Tipo de transacción": "Transferencia",
        "Clasificación": "Ingreso",
        "Quien realiza o recibe el pago": "GRUPO GAYOSSO",
        "Monto de la transacción": 69484.0,
        "Numero de referencia o folio": "0140456106",
        "Numero de cuenta origen": "0140456106",
        "Numero de cuenta destino": "0151208691",
        "Metodo de pago": "SPEI",
        "Sucursal o ubicacion": "",
        "Giro de la transacción": "",
        "Giro sugerido": "",
        "Análisis monto": "",
        "Análisis contraparte": "",
        "Análisis naturaleza": ""
    },
    {
        "Fecha de la transacción": "04/04/2025",
        "Nombre de la transacción": "SPEI RECIBIDOBANORTE 5,220.00 0040425MAT EMBALSAMADO 3ER ANT F 9 Ref. 0141595965 072 00072680008605125413 8846APR2202504043941746127 GRUPO FUNERARIO DEL CENTRO SA DE CV",
        "Nombre resumido": "Transferencia SPEI de tercero",
        "Tipo de transacción": "Transferencia",
        "Clasificación": "Ingreso",
        "Quien realiza o recibe el pago": "",
        "Monto de la transacción": 5220.0,
        "Numero de referencia o folio": "0141595965",
        "Numero de cuenta origen": "0141595965",
        "Numero de cuenta destino": "0151208691",
        "Metodo de pago": "SPEI",
        "Sucursal o ubicacion": "",
        "Giro de la transacción": "",
        "Giro sugerido": "",
        "Análisis monto": "",
        "Análisis contraparte": "",
        "Análisis naturaleza": ""
    },
    {
        "Fecha de la transacción": "04/04/2025",
        "Nombre de la transacción": "SPEI RECIBIDOBAJIO 9,338.00 1,459,815.86 1,459,815.86 1037707PAGO F729 Ref. 0143633402 030 00030225900010770327 BB1037707020808",
        "Nombre resumido": "Transferencia SPEI de SERVIR FUNERARIA Y",
        "Tipo de transacción": "Transferencia",
        "Clasificación": "Ingreso",
        "Quien realiza o recibe el pago": "SERVIR FUNERARIA Y MAUSOLEOS S",
        "Monto de la transacción": 9338.0,
        "Numero de referencia o folio": "0143633402",
        "Numero de cuenta origen": "0143633402",
        "Numero de cuenta destino": "0151208691",
        "Metodo de pago": "SPEI",
        "Sucursal o ubicacion": "",
        "Giro de la transacción": "",
        "Giro sugerido": "",
        "Análisis monto": "",
        "Análisis contraparte": "",
        "Análisis naturaleza": ""
    },
    {
        "Fecha de la transacción": "07/04/2025",
        "Nombre de la transacción": "SPEI RECIBIDOBANAMEX 15,080.00 0000167COMPRA DE BOLSAS DE URNAS Ref. 0155783636 002 00002420052077365993 085907354320309756 MAUSOLEO TOLUCA SA DE CV",
        "Nombre resumido": "Transferencia SPEI de SERVIR FUNERARIA Y",
        "Tipo de transacción": "Transferencia",
        "Clasificación": "Ingreso",
        "Quien realiza o recibe el pago": "SERVIR FUNERARIA Y MAUSOLEOS S",
        "Monto de la transacción": 15080.0,
        "Numero de referencia o folio": "0155783636",
        "Numero de cuenta origen": "0155783636",
        "Numero de cuenta destino": "0151208691",
        "Metodo de pago": "SPEI",
        "Sucursal o ubicacion": "",
        "Giro de la transacción": "",
        "Giro sugerido": "",
        "Análisis monto": "",
        "Análisis contraparte": "",
        "Análisis naturaleza": ""
    },
    {
        "Fecha de la transacción": "07/04/2025",
        "Nombre de la transacción": "SPEI RECIBIDOHSBC 5,000.00",
        "Nombre resumido": "Transferencia SPEI de tercero",
        "Tipo de transacción": "Transferencia",
        "Clasificación": "Ingreso",
        "Quien realiza o recibe el pago": "",
        "Monto de la transacción": 5000.0,
        "Numero de referencia o folio": "",
        "Numero de cuenta origen": "",
        "Numero de cuenta destino": "0151208691",
        "Metodo de pago": "SPEI",
        "Sucursal o ubicacion": "",
        "Giro de la transacción": "",
        "Giro sugerido": "",
        "Análisis monto": "",
        "Análisis contraparte": "",
        "Análisis naturaleza": ""
    },
    {
        "Fecha de la transacción": "08/04/2025",
        "Nombre de la transacción": "SPEI RECIBIDOSANTANDER 20,619.00 1,553,928.07 1,553,928.07 5736537F EE17 Ref. 0159950926 014 00014560652123030556 20250408400140BET0000457365370 DESARROLLO URBANO DE TEPIC SA DE CV",
        "Nombre resumido": "Transferencia SPEI de tercero",
        "Tipo de transacción": "Transferencia",
        "Clasificación": "Ingreso",
        "Quien realiza o recibe el pago": "",
        "Monto de la transacción": 20619.0,
        "Numero de referencia o folio": "0159950926",
        "Numero de cuenta origen": "0159950926",
        "Numero de cuenta destino": "0151208691",
        "Metodo de pago": "SPEI",
        "Sucursal o ubicacion": "",
        "Giro de la transacción": "",
        "Giro sugerido": "",
        "Análisis monto": "",
        "Análisis contraparte": "",
        "Análisis naturaleza": ""
    },
    {
        "Fecha de la transacción": "09/04/2025",
        "Nombre de la transacción": "SPEI RECIBIDOBANREGIO 11,263.60 0000001AA734 Ref. 0164291021 058 00058760000001309746 058-09/04/2025/09-190OXUS377",
        "Nombre resumido": "Transferencia SPEI de AGENCIAS FUNERARIAS DEL",
        "Tipo de transacción": "Transferencia",
        "Clasificación": "Ingreso",
        "Quien realiza o recibe el pago": "AGENCIAS FUNERARIAS DEL NOROESTE S.A.P.I",
        "Monto de la transacción": 11263.6,
        "Numero de referencia o folio": "0164291021",
        "Numero de cuenta origen": "0164291021",
        "Numero de cuenta destino": "0151208691",
        "Metodo de pago": "SPEI",
        "Sucursal o ubicacion": "",
        "Giro de la transacción": "",
        "Giro sugerido": "",
        "Análisis monto": "",
        "Análisis contraparte": "",
        "Análisis naturaleza": ""
    },
    {
        "Fecha de la transacción": "09/04/2025",
        "Nombre de la transacción": "SPEI RECIBIDOSCOTIABANK 12,110.40 0090425PAGO URNAS FUNERARIA GUTIERREZ Ref. 0164501186 044 00044882062056497300 2025040940044B36K0000066460854",
        "Nombre resumido": "Transferencia SPEI de AGENCIAS FUNERARIAS DEL",
        "Tipo de transacción": "Transferencia",
        "Clasificación": "Ingreso",
        "Quien realiza o recibe el pago": "AGENCIAS FUNERARIAS DEL NOROESTE S.A.P.I",
        "Monto de la transacción": 12110.4,
        "Numero de referencia o folio": "0164501186",
        "Numero de cuenta origen": "0164501186",
        "Numero de cuenta destino": "0151208691",
        "Metodo de pago": "SPEI",
        "Sucursal o ubicacion": "",
        "Giro de la transacción": "",
        "Giro sugerido": "",
        "Análisis monto": "",
        "Análisis contraparte": "",
        "Análisis naturaleza": ""
    },
    {
        "Fecha de la transacción": "09/04/2025",
        "Nombre de la transacción": "SPEI RECIBIDOHSBC 18,756.04 0000001ALTERNATIVAS FACT 504 Ref. 0164533032 021 00021180040618766789 HSBC410816 TLATELOLCO MEMORIAL SA DE CV",
        "Nombre resumido": "Transferencia SPEI de LIMA GUTIERREZ CARLOS",
        "Tipo de transacción": "Transferencia",
        "Clasificación": "Ingreso",
        "Quien realiza o recibe el pago": "LIMA GUTIERREZ CARLOS",
        "Monto de la transacción": 18756.04,
        "Numero de referencia o folio": "0164533032",
        "Numero de cuenta origen": "0164533032",
        "Numero de cuenta destino": "0151208691",
        "Metodo de pago": "SPEI",
        "Sucursal o ubicacion": "",
        "Giro de la transacción": "",
        "Giro sugerido": "",
        "Análisis monto": "",
        "Análisis contraparte": "",
        "Análisis naturaleza": ""
    },
    {
        "Fecha de la transacción": "09/04/2025",
        "Nombre de la transacción": "SPEI RECIBIDOAZTECA 8,908.80 086911012 URNAS SOWILO Ref. 0164722886 127 00127180001678844490 250409010773163440I",
        "Nombre resumido": "Transferencia SPEI de MARTINEZ GARDUNO RAFAEL",
        "Tipo de transacción": "Transferencia",
        "Clasificación": "Ingreso",
        "Quien realiza o recibe el pago": "MARTINEZ GARDUNO RAFAEL",
        "Monto de la transacción": 8908.8,
        "Numero de referencia o folio": "0164722886",
        "Numero de cuenta origen": "0164722886",
        "Numero de cuenta destino": "0151208691",
        "Metodo de pago": "SPEI",
        "Sucursal o ubicacion": "",
        "Giro de la transacción": "",
        "Giro sugerido": "",
        "Análisis monto": "",
        "Análisis contraparte": "",
        "Análisis naturaleza": ""
    },
    {
        "Fecha de la transacción": "09/04/2025",
        "Nombre de la transacción": "SPEI DEVUELTOSANTANDER 3,431.28 1022128OC409L Ref. 0036066866 014",
        "Nombre resumido": "Devolución SPEI",
        "Tipo de transacción": "Transferencia",
        "Clasificación": "Ingreso",
        "Quien realiza o recibe el pago": "",
        "Monto de la transacción": 3431.28,
        "Numero de referencia o folio": "0036066866",
        "Numero de cuenta origen": "0036066866",
        "Numero de cuenta destino": "0151208691",
        "Metodo de pago": "SPEI",
        "Sucursal o ubicacion": "",
        "Giro de la transacción": "",
        "Giro sugerido": "",
        "Análisis monto": "",
        "Análisis contraparte": "",
        "Análisis naturaleza": ""
    },
    {
        "Fecha de la transacción": "10/04/2025",
        "Nombre de la transacción": "SPEI RECIBIDOSCOTIABANK 7,284.80 0000018PAGO URNAS SAL Ref. 0168171426 044 00044694237004642793 2025041040044B36K0000066477617",
        "Nombre resumido": "Transferencia SPEI de SERVICIOS INTEGRALES DE",
        "Tipo de transacción": "Transferencia",
        "Clasificación": "Ingreso",
        "Quien realiza o recibe el pago": "SERVICIOS INTEGRALES DE LA RIV",
        "Monto de la transacción": 7284.8,
        "Numero de referencia o folio": "0168171426",
        "Numero de cuenta origen": "0168171426",
        "Numero de cuenta destino": "0151208691",
        "Metodo de pago": "SPEI",
        "Sucursal o ubicacion": "",
        "Giro de la transacción": "",
        "Giro sugerido": "",
        "Análisis monto": "",
        "Análisis contraparte": "",
        "Análisis naturaleza": ""
    },
    {
        "Fecha de la transacción": "10/04/2025",
        "Nombre de la transacción": "SPEI RECIBIDOBANAMEX 3,224.80 1,367,076.80 1,367,076.80 0100425Adquisicion productos Ref. 0170254721 002 00002873039758086527 085905754264310052 RAMIRO,VELASCO/RUEDA",
        "Nombre resumido": "Transferencia SPEI de SI VALE",
        "Tipo de transacción": "Transferencia",
        "Clasificación": "Ingreso",
        "Quien realiza o recibe el pago": "SI VALE",
        "Monto de la transacción": 3224.8,
        "Numero de referencia o folio": "0170254721",
        "Numero de cuenta origen": "0170254721",
        "Numero de cuenta destino": "0151208691",
        "Metodo de pago": "SPEI",
        "Sucursal o ubicacion": "",
        "Giro de la transacción": "",
        "Giro sugerido": "",
        "Análisis monto": "",
        "Análisis contraparte": "",
        "Análisis naturaleza": ""
    },
    {
        "Fecha de la transacción": "11/04/2025",
        "Nombre de la transacción": "SPEI RECIBIDOBANAMEX 4,674.80 0110425urnas alternativas Ref. 0172901564 002 00002308701241872203 085902865000310154 MANUEL,RODRIGUEZ/MONTALVO",
        "Nombre resumido": "Transferencia SPEI de tercero",
        "Tipo de transacción": "Transferencia",
        "Clasificación": "Ingreso",
        "Quien realiza o recibe el pago": "",
        "Monto de la transacción": 4674.8,
        "Numero de referencia o folio": "0172901564",
        "Numero de cuenta origen": "0172901564",
        "Numero de cuenta destino": "0151208691",
        "Metodo de pago": "SPEI",
        "Sucursal o ubicacion": "",
        "Giro de la transacción": "",
        "Giro sugerido": "",
        "Análisis monto": "",
        "Análisis contraparte": "",
        "Análisis naturaleza": ""
    },
    {
        "Fecha de la transacción": "11/04/2025",
        "Nombre de la transacción": "SPEI RECIBIDOBANREGIO 19,000.80 0000749Transferencia de FUNERALES SAN Ref. 0173811818 058 00058028908766800162 058-11/04/2025/11-090OYXR831",
        "Nombre resumido": "Transferencia SPEI de FERNANDO SILVESTRE GARCIA",
        "Tipo de transacción": "Transferencia",
        "Clasificación": "Ingreso",
        "Quien realiza o recibe el pago": "FERNANDO SILVESTRE GARCIA GUTIERREZ",
        "Monto de la transacción": 19000.8,
        "Numero de referencia o folio": "0173811818",
        "Numero de cuenta origen": "0173811818",
        "Numero de cuenta destino": "0151208691",
        "Metodo de pago": "SPEI",
        "Sucursal o ubicacion": "",
        "Giro de la transacción": "",
        "Giro sugerido": "",
        "Análisis monto": "",
        "Análisis contraparte": "",
        "Análisis naturaleza": ""
    },
    {
        "Fecha de la transacción": "11/04/2025",
        "Nombre de la transacción": "SPEI RECIBIDOBANORTE 19,488.00 0110425694 Ref. 0174256951 072 00072028008470757021 8846APR2202504113961181115",
        "Nombre resumido": "Transferencia SPEI de FUNERALES SAN GABRIEL",
        "Tipo de transacción": "Transferencia",
        "Clasificación": "Ingreso",
        "Quien realiza o recibe el pago": "FUNERALES SAN GABRIEL S.A. DE C.V.",
        "Monto de la transacción": 19488.0,
        "Numero de referencia o folio": "0174256951",
        "Numero de cuenta origen": "0110425694",
        "Numero de cuenta destino": "0151208691",
        "Metodo de pago": "SPEI",
        "Sucursal o ubicacion": "",
        "Giro de la transacción": "",
        "Giro sugerido": "",
        "Análisis monto": "",
        "Análisis contraparte": "",
        "Análisis naturaleza": ""
    },
    {
        "Fecha de la transacción": "11/04/2025",
        "Nombre de la transacción": "SPEI RECIBIDOBANORTE 5,220.00 0110425MAT EMBALSAMADO FINIQ F 940 Ref. 0174549744 072 00072680008605125413 8846APR1202504113961380035 GRUPO FUNERARIO DEL CENTRO SA DE CV",
        "Nombre resumido": "Transferencia SPEI de tercero",
        "Tipo de transacción": "Transferencia",
        "Clasificación": "Ingreso",
        "Quien realiza o recibe el pago": "",
        "Monto de la transacción": 5220.0,
        "Numero de referencia o folio": "0174549744",
        "Numero de cuenta origen": "0174549744",
        "Numero de cuenta destino": "0151208691",
        "Metodo de pago": "SPEI",
        "Sucursal o ubicacion": "",
        "Giro de la transacción": "",
        "Giro sugerido": "",
        "Análisis monto": "",
        "Análisis contraparte": "",
        "Análisis naturaleza": ""
    },
    {
        "Fecha de la transacción": "11/04/2025",
        "Nombre de la transacción": "SPEI RECIBIDOAFIRME 812.00 0000976PAGO FACTURA FF976 Ref. 0175187182 062 00062580001071193102 250411144720501181163254158003 PROFURO ROSARIO, S.A. DE C.V.",
        "Nombre resumido": "Transferencia SPEI de tercero",
        "Tipo de transacción": "Transferencia",
        "Clasificación": "Ingreso",
        "Quien realiza o recibe el pago": "",
        "Monto de la transacción": 812.0,
        "Numero de referencia o folio": "0175187182",
        "Numero de cuenta origen": "0175187182",
        "Numero de cuenta destino": "0151208691",
        "Metodo de pago": "SPEI",
        "Sucursal o ubicacion": "",
        "Giro de la transacción": "",
        "Giro sugerido": "",
        "Análisis monto": "",
        "Análisis contraparte": "",
        "Análisis naturaleza": ""
    },
    {
        "Fecha de la transacción": "11/04/2025",
        "Nombre de la transacción": "SPEI RECIBIDOSANTANDER 31,621.60 6064700 TRANSFERENCIA DE FONDOS Ref. 0175250161 014",
        "Nombre resumido": "Transferencia SPEI de BANCO A TERCERO",
        "Tipo de transacción": "Transferencia",
        "Clasificación": "Ingreso",
        "Quien realiza o recibe el pago": "BANCO A TERCERO",
        "Monto de la transacción": 31621.6,
        "Numero de referencia o folio": "0175250161",
        "Numero de cuenta origen": "0175250161",
        "Numero de cuenta destino": "0151208691",
        "Metodo de pago": "SPEI",
        "Sucursal o ubicacion": "",
        "Giro de la transacción": "",
        "Giro sugerido": "",
        "Análisis monto": "",
        "Análisis contraparte": "",
        "Análisis naturaleza": ""
    },
    {
        "Fecha de la transacción": "11/04/2025",
        "Nombre de la transacción": "SPEI RECIBIDOBANORTE 28,228.60 0110425FF 953 Ref. 0176712286 072 00072041005346834618 8846APR1202504113962787493",
        "Nombre resumido": "Transferencia SPEI de ROBERTO RIVERA",
        "Tipo de transacción": "Transferencia",
        "Clasificación": "Ingreso",
        "Quien realiza o recibe el pago": "ROBERTO RIVERA",
        "Monto de la transacción": 28228.6,
        "Numero de referencia o folio": "0176712286",
        "Numero de cuenta origen": "0176712286",
        "Numero de cuenta destino": "0151208691",
        "Metodo de pago": "SPEI",
        "Sucursal o ubicacion": "",
        "Giro de la transacción": "",
        "Giro sugerido": "",
        "Análisis monto": "",
        "Análisis contraparte": "",
        "Análisis naturaleza": ""
    },
    {
        "Fecha de la transacción": "14/04/2025",
        "Nombre de la transacción": "SPEI RECIBIDONU MEXICO 1,276.00 0110425Transferencia Ref. 0178211223 638 00638180000147854605 NU37V7PHPD549ME8JC27NUOSEFLO",
        "Nombre resumido": "Transferencia SPEI de KATERING ALEJANDRA SILVA",
        "Tipo de transacción": "Transferencia",
        "Clasificación": "Ingreso",
        "Quien realiza o recibe el pago": "KATERING ALEJANDRA SILVA RODRIGUEZ",
        "Monto de la transacción": 1276.0,
        "Numero de referencia o folio": "0178211223",
        "Numero de cuenta origen": "0178211223",
        "Numero de cuenta destino": "0151208691",
        "Metodo de pago": "SPEI",
        "Sucursal o ubicacion": "",
        "Giro de la transacción": "",
        "Giro sugerido": "",
        "Análisis monto": "",
        "Análisis contraparte": "",
        "Análisis naturaleza": ""
    },
    {
        "Fecha de la transacción": "14/04/2025",
        "Nombre de la transacción": "SPEI RECIBIDONU MEXICO 174.00 1,321,870.12 1,320,420.12 0110425Transferencia Ref. 0178237036 638 00638180000147854605 NU37V7QPPGVK8J2RQ20444263KTF",
        "Nombre resumido": "Transferencia SPEI de KATERING ALEJANDRA SILVA",
        "Tipo de transacción": "Transferencia",
        "Clasificación": "Ingreso",
        "Quien realiza o recibe el pago": "KATERING ALEJANDRA SILVA RODRIGUEZ",
        "Monto de la transacción": 174.0,
        "Numero de referencia o folio": "0178237036",
        "Numero de cuenta origen": "0178237036",
        "Numero de cuenta destino": "0151208691",
        "Metodo de pago": "SPEI",
        "Sucursal o ubicacion": "",
        "Giro de la transacción": "",
        "Giro sugerido": "",
        "Análisis monto": "",
        "Análisis contraparte": "",
        "Análisis naturaleza": ""
    },
    {
        "Fecha de la transacción": "14/04/2025",
        "Nombre de la transacción": "SPEI RECIBIDOBANAMEX 15,972.40 1,337,842.52 1,320,420.12 0000001ABONO A FACT. 973 Ref. 0178900618 002 00002854016902561225 085900782284310253 INHUMACIONES CELAYA SA DE CV",
        "Nombre resumido": "Transferencia SPEI de KATERING ALEJANDRA SILVA",
        "Tipo de transacción": "Transferencia",
        "Clasificación": "Ingreso",
        "Quien realiza o recibe el pago": "KATERING ALEJANDRA SILVA RODRIGUEZ",
        "Monto de la transacción": 15972.4,
        "Numero de referencia o folio": "0178900618",
        "Numero de cuenta origen": "0178900618",
        "Numero de cuenta destino": "0151208691",
        "Metodo de pago": "SPEI",
        "Sucursal o ubicacion": "",
        "Giro de la transacción": "",
        "Giro sugerido": "",
        "Análisis monto": "",
        "Análisis contraparte": "",
        "Análisis naturaleza": ""
    },
    {
        "Fecha de la transacción": "14/04/2025",
        "Nombre de la transacción": "SPEI RECIBIDOBAJIO 3,456.80 0140425urnas Ref. 0187116543 030 00030060900004747437 BB387288020693",
        "Nombre resumido": "Transferencia SPEI de FEDERICO ALBERTO ULLOA",
        "Tipo de transacción": "Transferencia",
        "Clasificación": "Ingreso",
        "Quien realiza o recibe el pago": "FEDERICO ALBERTO ULLOA CEPEDA",
        "Monto de la transacción": 3456.8,
        "Numero de referencia o folio": "0187116543",
        "Numero de cuenta origen": "0187116543",
        "Numero de cuenta destino": "0151208691",
        "Metodo de pago": "SPEI",
        "Sucursal o ubicacion": "",
        "Giro de la transacción": "",
        "Giro sugerido": "",
        "Análisis monto": "",
        "Análisis contraparte": "",
        "Análisis naturaleza": ""
    },
    {
        "Fecha de la transacción": "14/04/2025",
        "Nombre de la transacción": "SPEI RECIBIDOHSBC 5,823.20 0000005j Ref. 0187698356 021 00021060065955660630 HSB5409263",
        "Nombre resumido": "Transferencia SPEI de FEDERICO ALBERTO ULLOA",
        "Tipo de transacción": "Transferencia",
        "Clasificación": "Ingreso",
        "Quien realiza o recibe el pago": "FEDERICO ALBERTO ULLOA CEPEDA",
        "Monto de la transacción": 5823.2,
        "Numero de referencia o folio": "0187698356",
        "Numero de cuenta origen": "0187698356",
        "Numero de cuenta destino": "0151208691",
        "Metodo de pago": "SPEI",
        "Sucursal o ubicacion": "",
        "Giro de la transacción": "",
        "Giro sugerido": "",
        "Análisis monto": "",
        "Análisis contraparte": "",
        "Análisis naturaleza": ""
    },
    {
        "Fecha de la transacción": "15/04/2025",
        "Nombre de la transacción": "COMPENSACION POR RETRASO 0.01 Ref. COMP SPEI",
        "Nombre resumido": "Transferencia de ",
        "Tipo de transacción": "Transferencia",
        "Clasificación": "Ingreso",
        "Quien realiza o recibe el pago": "",
        "Monto de la transacción": 0.01,
        "Numero de referencia o folio": "COMP",
        "Numero de cuenta origen": "",
        "Numero de cuenta destino": "0151208691",
        "Metodo de pago": "SPEI",
        "Sucursal o ubicacion": "",
        "Giro de la transacción": "",
        "Giro sugerido": "",
        "Análisis monto": "",
        "Análisis contraparte": "",
        "Análisis naturaleza": ""
    },
    {
        "Fecha de la transacción": "15/04/2025",
        "Nombre de la transacción": "SPEI RECIBIDOSANTANDER 11,368.00",
        "Nombre resumido": "Transferencia SPEI de tercero",
        "Tipo de transacción": "Transferencia",
        "Clasificación": "Ingreso",
        "Quien realiza o recibe el pago": "",
        "Monto de la transacción": 11368.0,
        "Numero de referencia o folio": "",
        "Numero de cuenta origen": "",
        "Numero de cuenta destino": "0151208691",
        "Metodo de pago": "SPEI",
        "Sucursal o ubicacion": "",
        "Giro de la transacción": "",
        "Giro sugerido": "",
        "Análisis monto": "",
        "Análisis contraparte": "",
        "Análisis naturaleza": ""
    },
    {
        "Fecha de la transacción": "16/04/2025",
        "Nombre de la transacción": "SPEI RECIBIDOHSBC 183,529.40 0004783GG11004783 Ref. 0199346896 021 00021180040198973542 HSBC304331",
        "Nombre resumido": "Transferencia SPEI de GRUPO GAYOSSO",
        "Tipo de transacción": "Transferencia",
        "Clasificación": "Ingreso",
        "Quien realiza o recibe el pago": "GRUPO GAYOSSO",
        "Monto de la transacción": 183529.4,
        "Numero de referencia o folio": "0199346896",
        "Numero de cuenta origen": "0199346896",
        "Numero de cuenta destino": "0151208691",
        "Metodo de pago": "SPEI",
        "Sucursal o ubicacion": "",
        "Giro de la transacción": "",
        "Giro sugerido": "",
        "Análisis monto": "",
        "Análisis contraparte": "",
        "Análisis naturaleza": ""
    },
    {
        "Fecha de la transacción": "16/04/2025",
        "Nombre de la transacción": "SPEI RECIBIDOBANAMEX 11,762.40 0160425compra urnas amador panduro Ref. 0199526168 002 00002690904573188112 085901119744310659 AMADOR,PANDURO/GARCIA",
        "Nombre resumido": "Transferencia SPEI de GRUPO GAYOSSO",
        "Tipo de transacción": "Transferencia",
        "Clasificación": "Ingreso",
        "Quien realiza o recibe el pago": "GRUPO GAYOSSO",
        "Monto de la transacción": 11762.4,
        "Numero de referencia o folio": "0199526168",
        "Numero de cuenta origen": "0199526168",
        "Numero de cuenta destino": "0151208691",
        "Metodo de pago": "SPEI",
        "Sucursal o ubicacion": "",
        "Giro de la transacción": "",
        "Giro sugerido": "",
        "Análisis monto": "",
        "Análisis contraparte": "",
        "Análisis naturaleza": ""
    },
    {
        "Fecha de la transacción": "16/04/2025",
        "Nombre de la transacción": "SPEI RECIBIDOSCOTIABANK 34,939.20 0000416Pago fcs 1022 1017 1013 1012 1 Ref. 0100348242 044 00044320010033122597 2025041640044B36K0000066637093",
        "Nombre resumido": "Transferencia SPEI de PLUS PRESENCE S",
        "Tipo de transacción": "Transferencia",
        "Clasificación": "Ingreso",
        "Quien realiza o recibe el pago": "PLUS PRESENCE S DE RL DE CV",
        "Monto de la transacción": 34939.2,
        "Numero de referencia o folio": "0100348242",
        "Numero de cuenta origen": "0100348242",
        "Numero de cuenta destino": "0151208691",
        "Metodo de pago": "SPEI",
        "Sucursal o ubicacion": "",
        "Giro de la transacción": "",
        "Giro sugerido": "",
        "Análisis monto": "",
        "Análisis contraparte": "",
        "Análisis naturaleza": ""
    },
    {
        "Fecha de la transacción": "16/04/2025",
        "Nombre de la transacción": "SPEI RECIBIDOBANORTE 4,129.60 0001024urnas Ref. 0100503042 072 00072700006832089958 8846APR2202504163977136408",
        "Nombre resumido": "Transferencia SPEI de PLUS PRESENCE S",
        "Tipo de transacción": "Transferencia",
        "Clasificación": "Ingreso",
        "Quien realiza o recibe el pago": "PLUS PRESENCE S DE RL DE CV",
        "Monto de la transacción": 4129.6,
        "Numero de referencia o folio": "0100503042",
        "Numero de cuenta origen": "0100503042",
        "Numero de cuenta destino": "0151208691",
        "Metodo de pago": "SPEI",
        "Sucursal o ubicacion": "",
        "Giro de la transacción": "",
        "Giro sugerido": "",
        "Análisis monto": "",
        "Análisis contraparte": "",
        "Análisis naturaleza": ""
    },
    {
        "Fecha de la transacción": "16/04/2025",
        "Nombre de la transacción": "SPEI RECIBIDOBANORTE 23,965.60 00010231023 Ref. 0100503047 072 00072700006832089958 8846APR2202504163977136415",
        "Nombre resumido": "Transferencia SPEI de FUNERALES HERNANDEZ DE",
        "Tipo de transacción": "Transferencia",
        "Clasificación": "Ingreso",
        "Quien realiza o recibe el pago": "FUNERALES HERNANDEZ DE SAN LUIS POTOSI S",
        "Monto de la transacción": 23965.6,
        "Numero de referencia o folio": "0100503047",
        "Numero de cuenta origen": "00010231023",
        "Numero de cuenta destino": "0151208691",
        "Metodo de pago": "SPEI",
        "Sucursal o ubicacion": "",
        "Giro de la transacción": "",
        "Giro sugerido": "",
        "Análisis monto": "",
        "Análisis contraparte": "",
        "Análisis naturaleza": ""
    },
    {
        "Fecha de la transacción": "16/04/2025",
        "Nombre de la transacción": "SPEI RECIBIDOBANORTE 29,232.00 868676512 Urnas METALICAS Ref. 0100564276 072 00072580000533083767 8846APR2202504163977173744",
        "Nombre resumido": "Transferencia SPEI de FUNERALES HERNANDEZ DE",
        "Tipo de transacción": "Transferencia",
        "Clasificación": "Ingreso",
        "Quien realiza o recibe el pago": "FUNERALES HERNANDEZ DE SAN LUIS POTOSI S",
        "Monto de la transacción": 29232.0,
        "Numero de referencia o folio": "0100564276",
        "Numero de cuenta origen": "0100564276",
        "Numero de cuenta destino": "0151208691",
        "Metodo de pago": "SPEI",
        "Sucursal o ubicacion": "",
        "Giro de la transacción": "",
        "Giro sugerido": "",
        "Análisis monto": "",
        "Análisis contraparte": "",
        "Análisis naturaleza": ""
    },
    {
        "Fecha de la transacción": "16/04/2025",
        "Nombre de la transacción": "SPEI RECIBIDOBAJIO 17,270.00 0000630URNAS ZFS630 Ref. 0100579804 030 00030849900010328715 BB3163995020353 MEMORIAL VERACRUZ SA DE CV",
        "Nombre resumido": "Transferencia SPEI de PREVISIONES DEL CARMEN",
        "Tipo de transacción": "Transferencia",
        "Clasificación": "Ingreso",
        "Quien realiza o recibe el pago": "PREVISIONES DEL CARMEN Y DOLORES SAPI DE",
        "Monto de la transacción": 17270.0,
        "Numero de referencia o folio": "0100579804",
        "Numero de cuenta origen": "0100579804",
        "Numero de cuenta destino": "0151208691",
        "Metodo de pago": "SPEI",
        "Sucursal o ubicacion": "",
        "Giro de la transacción": "",
        "Giro sugerido": "",
        "Análisis monto": "",
        "Análisis contraparte": "",
        "Análisis naturaleza": ""
    },
    {
        "Fecha de la transacción": "21/04/2025",
        "Nombre de la transacción": "SPEI RECIBIDOBANAMEX 5,000.00 0000001ABONO A FACT. 973 Ref. 0119837270 002 00002854016902561225 085908345194311156 INHUMACIONES CELAYA SA DE CV",
        "Nombre resumido": "Transferencia SPEI de tercero",
        "Tipo de transacción": "Transferencia",
        "Clasificación": "Ingreso",
        "Quien realiza o recibe el pago": "",
        "Monto de la transacción": 5000.0,
        "Numero de referencia o folio": "0119837270",
        "Numero de cuenta origen": "0119837270",
        "Numero de cuenta destino": "0151208691",
        "Metodo de pago": "SPEI",
        "Sucursal o ubicacion": "",
        "Giro de la transacción": "",
        "Giro sugerido": "",
        "Análisis monto": "",
        "Análisis contraparte": "",
        "Análisis naturaleza": ""
    },
    {
        "Fecha de la transacción": "21/04/2025",
        "Nombre de la transacción": "SPEI RECIBIDOBANAMEX 7,406.00 0002018Urnas para Cenizas Ref. 0119896742 002 00002180701370348732 085907477410311152 FRANCISCO YAKIN,SILVA/ARELLANO",
        "Nombre resumido": "Transferencia SPEI de tercero",
        "Tipo de transacción": "Transferencia",
        "Clasificación": "Ingreso",
        "Quien realiza o recibe el pago": "",
        "Monto de la transacción": 7406.0,
        "Numero de referencia o folio": "0119896742",
        "Numero de cuenta origen": "0119896742",
        "Numero de cuenta destino": "0151208691",
        "Metodo de pago": "SPEI",
        "Sucursal o ubicacion": "",
        "Giro de la transacción": "",
        "Giro sugerido": "",
        "Análisis monto": "",
        "Análisis contraparte": "",
        "Análisis naturaleza": ""
    },
    {
        "Fecha de la transacción": "21/04/2025",
        "Nombre de la transacción": "SPEI RECIBIDOSANTANDER 6,594.60 1,192,517.38 1,192,517.38 9143876URNAS Ref. 0122415382 014 00014180655104628144 20250421400140BET0000491438760",
        "Nombre resumido": "Transferencia SPEI de SMARTPRESS VISION",
        "Tipo de transacción": "Transferencia",
        "Clasificación": "Ingreso",
        "Quien realiza o recibe el pago": "SMARTPRESS VISION",
        "Monto de la transacción": 6594.6,
        "Numero de referencia o folio": "0122415382",
        "Numero de cuenta origen": "0122415382",
        "Numero de cuenta destino": "0151208691",
        "Metodo de pago": "SPEI",
        "Sucursal o ubicacion": "",
        "Giro de la transacción": "",
        "Giro sugerido": "",
        "Análisis monto": "",
        "Análisis contraparte": "",
        "Análisis naturaleza": ""
    },
    {
        "Fecha de la transacción": "22/04/2025",
        "Nombre de la transacción": "SPEI RECIBIDOBAJIO 18,966.00 022042541 URNAS Ref. 0125394113 030 00030470900017339833 BB3328578020323",
        "Nombre resumido": "Transferencia SPEI de tercero",
        "Tipo de transacción": "Transferencia",
        "Clasificación": "Ingreso",
        "Quien realiza o recibe el pago": "",
        "Monto de la transacción": 18966.0,
        "Numero de referencia o folio": "0125394113",
        "Numero de cuenta origen": "0125394113",
        "Numero de cuenta destino": "0151208691",
        "Metodo de pago": "SPEI",
        "Sucursal o ubicacion": "",
        "Giro de la transacción": "",
        "Giro sugerido": "",
        "Análisis monto": "",
        "Análisis contraparte": "",
        "Análisis naturaleza": ""
    },
    {
        "Fecha de la transacción": "22/04/2025",
        "Nombre de la transacción": "SPEI RECIBIDOBAJIO 7,470.40 1070242Pago Factura folio 20 Ref. 0125704764 030 00030680900006504566 BB1070242020763",
        "Nombre resumido": "Transferencia SPEI de ROBERTO TORRES CRUZ",
        "Tipo de transacción": "Transferencia",
        "Clasificación": "Ingreso",
        "Quien realiza o recibe el pago": "ROBERTO TORRES CRUZ",
        "Monto de la transacción": 7470.4,
        "Numero de referencia o folio": "0125704764",
        "Numero de cuenta origen": "0125704764",
        "Numero de cuenta destino": "0151208691",
        "Metodo de pago": "SPEI",
        "Sucursal o ubicacion": "",
        "Giro de la transacción": "",
        "Giro sugerido": "",
        "Análisis monto": "",
        "Análisis contraparte": "",
        "Análisis naturaleza": ""
    },
    {
        "Fecha de la transacción": "22/04/2025",
        "Nombre de la transacción": "DEPOSITO DE TERCERO 4,060.00 COMPRA DE LIQUIDOS CAVIDAD, ARBMRCASH Ref. REFBNTC00625043",
        "Nombre resumido": "Depósito de ROBERTO TORRES CRUZ",
        "Tipo de transacción": "Depósito",
        "Clasificación": "Ingreso",
        "Quien realiza o recibe el pago": "ROBERTO TORRES CRUZ",
        "Monto de la transacción": 4060.0,
        "Numero de referencia o folio": "REFBNTC00625043",
        "Numero de cuenta origen": "",
        "Numero de cuenta destino": "0151208691",
        "Metodo de pago": "Efectivo",
        "Sucursal o ubicacion": "",
        "Giro de la transacción": "",
        "Giro sugerido": "",
        "Análisis monto": "",
        "Análisis contraparte": "",
        "Análisis naturaleza": ""
    },
    {
        "Fecha de la transacción": "22/04/2025",
        "Nombre de la transacción": "SPEI RECIBIDOBANORTE 4,872.00 0004645PAGO DE TIBORES Ref. 0126007827 072 00072626004388332617 8846APR1202504223991898389",
        "Nombre resumido": "Transferencia SPEI de EXEQUIAS DEL ISTMO",
        "Tipo de transacción": "Transferencia",
        "Clasificación": "Ingreso",
        "Quien realiza o recibe el pago": "EXEQUIAS DEL ISTMO S DE RL DE CV",
        "Monto de la transacción": 4872.0,
        "Numero de referencia o folio": "0126007827",
        "Numero de cuenta origen": "0126007827",
        "Numero de cuenta destino": "0151208691",
        "Metodo de pago": "SPEI",
        "Sucursal o ubicacion": "",
        "Giro de la transacción": "",
        "Giro sugerido": "",
        "Análisis monto": "",
        "Análisis contraparte": "",
        "Análisis naturaleza": ""
    },
    {
        "Fecha de la transacción": "22/04/2025",
        "Nombre de la transacción": "SPEI RECIBIDOBANORTE 7,134.00 1,203,451.38 1,203,451.38 0220425FACTURA EE 9 Ref. 0127152478 072 00072041005346834618 8846APR2202504223992559217",
        "Nombre resumido": "Transferencia SPEI de ROBERTO RIVERA",
        "Tipo de transacción": "Transferencia",
        "Clasificación": "Ingreso",
        "Quien realiza o recibe el pago": "ROBERTO RIVERA",
        "Monto de la transacción": 7134.0,
        "Numero de referencia o folio": "0127152478",
        "Numero de cuenta origen": "0127152478",
        "Numero de cuenta destino": "0151208691",
        "Metodo de pago": "SPEI",
        "Sucursal o ubicacion": "",
        "Giro de la transacción": "",
        "Giro sugerido": "",
        "Análisis monto": "",
        "Análisis contraparte": "",
        "Análisis naturaleza": ""
    },
    {
        "Fecha de la transacción": "23/04/2025",
        "Nombre de la transacción": "SPEI RECIBIDOBANORTE 3,027.60",
        "Nombre resumido": "Transferencia SPEI de tercero",
        "Tipo de transacción": "Transferencia",
        "Clasificación": "Ingreso",
        "Quien realiza o recibe el pago": "",
        "Monto de la transacción": 3027.6,
        "Numero de referencia o folio": "",
        "Numero de cuenta origen": "",
        "Numero de cuenta destino": "0151208691",
        "Metodo de pago": "SPEI",
        "Sucursal o ubicacion": "",
        "Giro de la transacción": "",
        "Giro sugerido": "",
        "Análisis monto": "",
        "Análisis contraparte": "",
        "Análisis naturaleza": ""
    },
    {
        "Fecha de la transacción": "23/04/2025",
        "Nombre de la transacción": "SPEI RECIBIDOSCOTIABANK 48,720.00 0000423Pago fac 1027 Ref. 0129533811 044 00044320010033122597 2025042340044B36K0000066738349",
        "Nombre resumido": "Transferencia SPEI de PLUS PRESENCE S",
        "Tipo de transacción": "Transferencia",
        "Clasificación": "Ingreso",
        "Quien realiza o recibe el pago": "PLUS PRESENCE S DE RL DE CV",
        "Monto de la transacción": 48720.0,
        "Numero de referencia o folio": "0129533811",
        "Numero de cuenta origen": "0129533811",
        "Numero de cuenta destino": "0151208691",
        "Metodo de pago": "SPEI",
        "Sucursal o ubicacion": "",
        "Giro de la transacción": "",
        "Giro sugerido": "",
        "Análisis monto": "",
        "Análisis contraparte": "",
        "Análisis naturaleza": ""
    },
    {
        "Fecha de la transacción": "23/04/2025",
        "Nombre de la transacción": "SPEI RECIBIDOHSBC 25,752.00 0005069GG11005069 Ref. 0129933781 021 00021180040198973542 HSBC354303",
        "Nombre resumido": "Transferencia SPEI de PLUS PRESENCE S",
        "Tipo de transacción": "Transferencia",
        "Clasificación": "Ingreso",
        "Quien realiza o recibe el pago": "PLUS PRESENCE S DE RL DE CV",
        "Monto de la transacción": 25752.0,
        "Numero de referencia o folio": "0129933781",
        "Numero de cuenta origen": "0129933781",
        "Numero de cuenta destino": "0151208691",
        "Metodo de pago": "SPEI",
        "Sucursal o ubicacion": "",
        "Giro de la transacción": "",
        "Giro sugerido": "",
        "Análisis monto": "",
        "Análisis contraparte": "",
        "Análisis naturaleza": ""
    },
    {
        "Fecha de la transacción": "23/04/2025",
        "Nombre de la transacción": "SPEI RECIBIDOSANTANDER 6,658.40 5173911PAGO FAC 1029 Ref. 0130822861 014 00014320655095257976 20250423400140BET0000451739110 SERVICIOS FUNERARIOS SALTILLO SA DE CV",
        "Nombre resumido": "Transferencia SPEI de tercero",
        "Tipo de transacción": "Transferencia",
        "Clasificación": "Ingreso",
        "Quien realiza o recibe el pago": "",
        "Monto de la transacción": 6658.4,
        "Numero de referencia o folio": "0130822861",
        "Numero de cuenta origen": "0130822861",
        "Numero de cuenta destino": "0151208691",
        "Metodo de pago": "SPEI",
        "Sucursal o ubicacion": "",
        "Giro de la transacción": "",
        "Giro sugerido": "",
        "Análisis monto": "",
        "Análisis contraparte": "",
        "Análisis naturaleza": ""
    },
    {
        "Fecha de la transacción": "24/04/2025",
        "Nombre de la transacción": "SPEI RECIBIDOHSBC 104,881.40 0005119GG11005119 Ref. 0134175079 021 00021180040198973542 HSBC372515",
        "Nombre resumido": "Transferencia SPEI de GRUPO GAYOSSO",
        "Tipo de transacción": "Transferencia",
        "Clasificación": "Ingreso",
        "Quien realiza o recibe el pago": "GRUPO GAYOSSO",
        "Monto de la transacción": 104881.4,
        "Numero de referencia o folio": "0134175079",
        "Numero de cuenta origen": "0134175079",
        "Numero de cuenta destino": "0151208691",
        "Metodo de pago": "SPEI",
        "Sucursal o ubicacion": "",
        "Giro de la transacción": "",
        "Giro sugerido": "",
        "Análisis monto": "",
        "Análisis contraparte": "",
        "Análisis naturaleza": ""
    },
    {
        "Fecha de la transacción": "25/04/2025",
        "Nombre de la transacción": "SPEI RECIBIDOSCOTIABANK 3,944.00 0000001Pgo.Fact FF 1028 Ref. 0139684992 044",
        "Nombre resumido": "Transferencia SPEI de tercero",
        "Tipo de transacción": "Transferencia",
        "Clasificación": "Ingreso",
        "Quien realiza o recibe el pago": "",
        "Monto de la transacción": 3944.0,
        "Numero de referencia o folio": "0139684992",
        "Numero de cuenta origen": "0139684992",
        "Numero de cuenta destino": "0151208691",
        "Metodo de pago": "SPEI",
        "Sucursal o ubicacion": "",
        "Giro de la transacción": "",
        "Giro sugerido": "",
        "Análisis monto": "",
        "Análisis contraparte": "",
        "Análisis naturaleza": ""
    },
    {
        "Fecha de la transacción": "25/04/2025",
        "Nombre de la transacción": "SPEI RECIBIDOBAJIO 34,800.00 0024929PG F 963 BOLSA PARA CADAVER ST Ref. 0140766456 030",
        "Nombre resumido": "Transferencia SPEI de tercero",
        "Tipo de transacción": "Transferencia",
        "Clasificación": "Ingreso",
        "Quien realiza o recibe el pago": "",
        "Monto de la transacción": 34800.0,
        "Numero de referencia o folio": "0140766456",
        "Numero de cuenta origen": "0140766456",
        "Numero de cuenta destino": "0151208691",
        "Metodo de pago": "SPEI",
        "Sucursal o ubicacion": "",
        "Giro de la transacción": "",
        "Giro sugerido": "",
        "Análisis monto": "",
        "Análisis contraparte": "",
        "Análisis naturaleza": ""
    },
    {
        "Fecha de la transacción": "25/04/2025",
        "Nombre de la transacción": "SPEI RECIBIDOSTP 0.01 0000001opv Ref. 0141120555 646",
        "Nombre resumido": "Transferencia SPEI de tercero",
        "Tipo de transacción": "Transferencia",
        "Clasificación": "Ingreso",
        "Quien realiza o recibe el pago": "",
        "Monto de la transacción": 0.01,
        "Numero de referencia o folio": "0141120555",
        "Numero de cuenta origen": "0141120555",
        "Numero de cuenta destino": "0151208691",
        "Metodo de pago": "SPEI",
        "Sucursal o ubicacion": "",
        "Giro de la transacción": "",
        "Giro sugerido": "",
        "Análisis monto": "",
        "Análisis contraparte": "",
        "Análisis naturaleza": ""
    },
    {
        "Fecha de la transacción": "25/04/2025",
        "Nombre de la transacción": "SPEI RECIBIDOSTP 12,760.16 0025425PAGO PROVEEDOR Ref. 0141442168 646",
        "Nombre resumido": "Transferencia SPEI de tercero",
        "Tipo de transacción": "Transferencia",
        "Clasificación": "Ingreso",
        "Quien realiza o recibe el pago": "",
        "Monto de la transacción": 12760.16,
        "Numero de referencia o folio": "0141442168",
        "Numero de cuenta origen": "0141442168",
        "Numero de cuenta destino": "0151208691",
        "Metodo de pago": "SPEI",
        "Sucursal o ubicacion": "",
        "Giro de la transacción": "",
        "Giro sugerido": "",
        "Análisis monto": "",
        "Análisis contraparte": "",
        "Análisis naturaleza": ""
    },
    {
        "Fecha de la transacción": "25/04/2025",
        "Nombre de la transacción": "SPEI RECIBIDOSTP 1.00 1,076,007.13 1,025,895.13 0385941PAGO PROVEEDOR Ref. 0141442905 646",
        "Nombre resumido": "Transferencia SPEI de tercero",
        "Tipo de transacción": "Transferencia",
        "Clasificación": "Ingreso",
        "Quien realiza o recibe el pago": "",
        "Monto de la transacción": 1.0,
        "Numero de referencia o folio": "0141442905",
        "Numero de cuenta origen": "0141442905",
        "Numero de cuenta destino": "0151208691",
        "Metodo de pago": "SPEI",
        "Sucursal o ubicacion": "",
        "Giro de la transacción": "",
        "Giro sugerido": "",
        "Análisis monto": "",
        "Análisis contraparte": "",
        "Análisis naturaleza": ""
    },
    {
        "Fecha de la transacción": "28/04/2025",
        "Nombre de la transacción": "SPEI RECIBIDOBANORTE 1,160.00 0250428urna pet casita bego twchi neg Ref. 0151876342 072 00072560012922864958 3843CP04202504284007133599",
        "Nombre resumido": "Transferencia SPEI de GRUPO SOWILO",
        "Tipo de transacción": "Transferencia",
        "Clasificación": "Ingreso",
        "Quien realiza o recibe el pago": "GRUPO SOWILO",
        "Monto de la transacción": 1160.0,
        "Numero de referencia o folio": "0151876342",
        "Numero de cuenta origen": "0151876342",
        "Numero de cuenta destino": "0151208691",
        "Metodo de pago": "SPEI",
        "Sucursal o ubicacion": "",
        "Giro de la transacción": "",
        "Giro sugerido": "",
        "Análisis monto": "",
        "Análisis contraparte": "",
        "Análisis naturaleza": ""
    },
    {
        "Fecha de la transacción": "28/04/2025",
        "Nombre de la transacción": "SPEI RECIBIDOSANTANDER 7,325.40 5096351URNAS SOWILO EE26 Ref. 0153762334 014 00014760655090285228 2025042840014BMOVP000400364210",
        "Nombre resumido": "Transferencia SPEI de ESTEBAN BLANCO REA",
        "Tipo de transacción": "Transferencia",
        "Clasificación": "Ingreso",
        "Quien realiza o recibe el pago": "ESTEBAN BLANCO REA",
        "Monto de la transacción": 7325.4,
        "Numero de referencia o folio": "0153762334",
        "Numero de cuenta origen": "0153762334",
        "Numero de cuenta destino": "0151208691",
        "Metodo de pago": "SPEI",
        "Sucursal o ubicacion": "",
        "Giro de la transacción": "",
        "Giro sugerido": "",
        "Análisis monto": "",
        "Análisis contraparte": "",
        "Análisis naturaleza": ""
    },
    {
        "Fecha de la transacción": "28/04/2025",
        "Nombre de la transacción": "SPEI RECIBIDOSANTANDER 3,654.00 6570086TRANSFERENCIA A INDUSTRIAS ALT Ref. 0154344734 014 00014853655073949634 2025042840014TRAPP000402095160",
        "Nombre resumido": "Transferencia SPEI de BLANCA LUZ ESCANDON",
        "Tipo de transacción": "Transferencia",
        "Clasificación": "Ingreso",
        "Quien realiza o recibe el pago": "BLANCA LUZ ESCANDON HERNANDEZ",
        "Monto de la transacción": 3654.0,
        "Numero de referencia o folio": "0154344734",
        "Numero de cuenta origen": "0154344734",
        "Numero de cuenta destino": "0151208691",
        "Metodo de pago": "SPEI",
        "Sucursal o ubicacion": "",
        "Giro de la transacción": "",
        "Giro sugerido": "",
        "Análisis monto": "",
        "Análisis contraparte": "",
        "Análisis naturaleza": ""
    },
    {
        "Fecha de la transacción": "29/04/2025",
        "Nombre de la transacción": "DEPOSITO DE TERCERO 4,593.60 COMPRA 12 DIJES DE CREMACION BMRCASH Ref. REFBNTC00625043",
        "Nombre resumido": "Depósito de CARLOS LOZANO OREILLY",
        "Tipo de transacción": "Depósito",
        "Clasificación": "Ingreso",
        "Quien realiza o recibe el pago": "CARLOS LOZANO OREILLY",
        "Monto de la transacción": 4593.6,
        "Numero de referencia o folio": "REFBNTC00625043",
        "Numero de cuenta origen": "",
        "Numero de cuenta destino": "0151208691",
        "Metodo de pago": "Efectivo",
        "Sucursal o ubicacion": "",
        "Giro de la transacción": "",
        "Giro sugerido": "",
        "Análisis monto": "",
        "Análisis contraparte": "",
        "Análisis naturaleza": ""
    },
    {
        "Fecha de la transacción": "29/04/2025",
        "Nombre de la transacción": "SPEI RECIBIDOBANAMEX 3,364.00 0000627URNAS Ref. 0157805732 002 00002868070074087436 085902382364311953 LA FE COMPLEJO CREMATORIO SA DE CV",
        "Nombre resumido": "Transferencia SPEI de tercero",
        "Tipo de transacción": "Transferencia",
        "Clasificación": "Ingreso",
        "Quien realiza o recibe el pago": "",
        "Monto de la transacción": 3364.0,
        "Numero de referencia o folio": "0157805732",
        "Numero de cuenta origen": "0157805732",
        "Numero de cuenta destino": "0151208691",
        "Metodo de pago": "SPEI",
        "Sucursal o ubicacion": "",
        "Giro de la transacción": "",
        "Giro sugerido": "",
        "Análisis monto": "",
        "Análisis contraparte": "",
        "Análisis naturaleza": ""
    },
    {
        "Fecha de la transacción": "29/04/2025",
        "Nombre de la transacción": "SPEI RECIBIDOBANAMEX 4,727.00 0000626URNAS Ref. 0157879127 002 00002868070074087436 085902511214311959 LA FE COMPLEJO CREMATORIO SA DE CV",
        "Nombre resumido": "Transferencia SPEI de tercero",
        "Tipo de transacción": "Transferencia",
        "Clasificación": "Ingreso",
        "Quien realiza o recibe el pago": "",
        "Monto de la transacción": 4727.0,
        "Numero de referencia o folio": "0157879127",
        "Numero de cuenta origen": "0157879127",
        "Numero de cuenta destino": "0151208691",
        "Metodo de pago": "SPEI",
        "Sucursal o ubicacion": "",
        "Giro de la transacción": "",
        "Giro sugerido": "",
        "Análisis monto": "",
        "Análisis contraparte": "",
        "Análisis naturaleza": ""
    },
    {
        "Fecha de la transacción": "29/04/2025",
        "Nombre de la transacción": "SPEI RECIBIDOBANORTE 12,528.00 0001036LIQUIDOS PARA EMBALZAMAR Ref. 0159006591 072 00072700006832089958 8846APR2202504294011335000",
        "Nombre resumido": "Transferencia SPEI de FUNERALES HERNANDEZ DE",
        "Tipo de transacción": "Transferencia",
        "Clasificación": "Ingreso",
        "Quien realiza o recibe el pago": "FUNERALES HERNANDEZ DE SAN LUIS POTOSI S",
        "Monto de la transacción": 12528.0,
        "Numero de referencia o folio": "0159006591",
        "Numero de cuenta origen": "0159006591",
        "Numero de cuenta destino": "0151208691",
        "Metodo de pago": "SPEI",
        "Sucursal o ubicacion": "",
        "Giro de la transacción": "",
        "Giro sugerido": "",
        "Análisis monto": "",
        "Análisis contraparte": "",
        "Análisis naturaleza": ""
    },
    {
        "Fecha de la transacción": "29/04/2025",
        "Nombre de la transacción": "SPEI RECIBIDOSCOTIABANK 2,900.00 0290425Transferencia a Grupo Ref. 0159343591 044 00044180001077086291 2025042940044B36L0000369005867",
        "Nombre resumido": "Transferencia SPEI de FUNERALES HERNANDEZ DE",
        "Tipo de transacción": "Transferencia",
        "Clasificación": "Ingreso",
        "Quien realiza o recibe el pago": "FUNERALES HERNANDEZ DE SAN LUIS POTOSI S",
        "Monto de la transacción": 2900.0,
        "Numero de referencia o folio": "0159343591",
        "Numero de cuenta origen": "0159343591",
        "Numero de cuenta destino": "0151208691",
        "Metodo de pago": "SPEI",
        "Sucursal o ubicacion": "",
        "Giro de la transacción": "",
        "Giro sugerido": "",
        "Análisis monto": "",
        "Análisis contraparte": "",
        "Análisis naturaleza": ""
    },
    {
        "Fecha de la transacción": "29/04/2025",
        "Nombre de la transacción": "SPEI RECIBIDOBANORTE 2,320.00 0290425Mar Ref. 0159869919 072 00072076006513828214 7875APR2202504294011875298",
        "Nombre resumido": "Transferencia SPEI de MANCILLA GUADARRAMA ALBERTO",
        "Tipo de transacción": "Transferencia",
        "Clasificación": "Ingreso",
        "Quien realiza o recibe el pago": "MANCILLA GUADARRAMA ALBERTO",
        "Monto de la transacción": 2320.0,
        "Numero de referencia o folio": "0159869919",
        "Numero de cuenta origen": "0159869919",
        "Numero de cuenta destino": "0151208691",
        "Metodo de pago": "SPEI",
        "Sucursal o ubicacion": "",
        "Giro de la transacción": "",
        "Giro sugerido": "",
        "Análisis monto": "",
        "Análisis contraparte": "",
        "Análisis naturaleza": ""
    },
    {
        "Fecha de la transacción": "29/04/2025",
        "Nombre de la transacción": "SPEI RECIBIDOBANORTE 2,320.00 0290425abr Ref. 0159879133 072 00072076006513828214 7875APR1202504294011881066",
        "Nombre resumido": "Transferencia SPEI de ANTONIO RODRIGUEZ DE",
        "Tipo de transacción": "Transferencia",
        "Clasificación": "Ingreso",
        "Quien realiza o recibe el pago": "ANTONIO RODRIGUEZ DE LA FUENTE",
        "Monto de la transacción": 2320.0,
        "Numero de referencia o folio": "0159879133",
        "Numero de cuenta origen": "0159879133",
        "Numero de cuenta destino": "0151208691",
        "Metodo de pago": "SPEI",
        "Sucursal o ubicacion": "",
        "Giro de la transacción": "",
        "Giro sugerido": "",
        "Análisis monto": "",
        "Análisis contraparte": "",
        "Análisis naturaleza": ""
    },
    {
        "Fecha de la transacción": "29/04/2025",
        "Nombre de la transacción": "SPEI RECIBIDOSANTANDER 10,000.00 9783069FUNE SAN ISIDRO GRUPO SOWILO U Ref. 0160438292 014 00014672605582984502 2025042940014BMOV0000442523780",
        "Nombre resumido": "Transferencia SPEI de ALBERTO ELIAS VELAZQUEZ",
        "Tipo de transacción": "Transferencia",
        "Clasificación": "Ingreso",
        "Quien realiza o recibe el pago": "ALBERTO ELIAS VELAZQUEZ PEDRAZA",
        "Monto de la transacción": 10000.0,
        "Numero de referencia o folio": "0160438292",
        "Numero de cuenta origen": "0160438292",
        "Numero de cuenta destino": "0151208691",
        "Metodo de pago": "SPEI",
        "Sucursal o ubicacion": "",
        "Giro de la transacción": "",
        "Giro sugerido": "",
        "Análisis monto": "",
        "Análisis contraparte": "",
        "Análisis naturaleza": ""
    },
    {
        "Fecha de la transacción": "29/04/2025",
        "Nombre de la transacción": "SPEI RECIBIDOBANAMEX 2,888.40 1,024,699.70 1,024,699.70 0290425urnas alternativas Ref. 0160578937 002 00002308701241872203 085901916640311952",
        "Nombre resumido": "Transferencia SPEI de MARIA ALMA MENDOZA",
        "Tipo de transacción": "Transferencia",
        "Clasificación": "Ingreso",
        "Quien realiza o recibe el pago": "MARIA ALMA MENDOZA ANZUREZ",
        "Monto de la transacción": 2888.4,
        "Numero de referencia o folio": "0160578937",
        "Numero de cuenta origen": "0160578937",
        "Numero de cuenta destino": "0151208691",
        "Metodo de pago": "SPEI",
        "Sucursal o ubicacion": "",
        "Giro de la transacción": "",
        "Giro sugerido": "",
        "Análisis monto": "",
        "Análisis contraparte": "",
        "Análisis naturaleza": ""
    },
    {
        "Fecha de la transacción": "30/04/2025",
        "Nombre de la transacción": "SPEI RECIBIDOHSBC 4,779.20 0000004proveedor Ref. 0163736230 021 00021312040603464424 HSBC433543",
        "Nombre resumido": "Transferencia SPEI de MARIA DEL CARMEN",
        "Tipo de transacción": "Transferencia",
        "Clasificación": "Ingreso",
        "Quien realiza o recibe el pago": "MARIA DEL CARMEN PEREA OLVERA",
        "Monto de la transacción": 4779.2,
        "Numero de referencia o folio": "0163736230",
        "Numero de cuenta origen": "0163736230",
        "Numero de cuenta destino": "0151208691",
        "Metodo de pago": "SPEI",
        "Sucursal o ubicacion": "",
        "Giro de la transacción": "",
        "Giro sugerido": "",
        "Análisis monto": "",
        "Análisis contraparte": "",
        "Análisis naturaleza": ""
    },
    {
        "Fecha de la transacción": "30/04/2025",
        "Nombre de la transacción": "SPEI RECIBIDOHSBC 8,689.27 0000001ALTERNATIVAS FACT 515 Ref. 0164349240 021 00021180040618766789 HSBC522962 TLATELOLCO MEMORIAL SA DE CV",
        "Nombre resumido": "Transferencia SPEI de tercero",
        "Tipo de transacción": "Transferencia",
        "Clasificación": "Ingreso",
        "Quien realiza o recibe el pago": "",
        "Monto de la transacción": 8689.27,
        "Numero de referencia o folio": "0164349240",
        "Numero de cuenta origen": "0164349240",
        "Numero de cuenta destino": "0151208691",
        "Metodo de pago": "SPEI",
        "Sucursal o ubicacion": "",
        "Giro de la transacción": "",
        "Giro sugerido": "",
        "Análisis monto": "",
        "Análisis contraparte": "",
        "Análisis naturaleza": ""
    },
    {
        "Fecha de la transacción": "30/04/2025",
        "Nombre de la transacción": "SPEI RECIBIDOHSBC 22,092.20 0005368GG11005368 Ref. 0164711021 021 00021180040198973542 HSBC571129",
        "Nombre resumido": "Transferencia SPEI de GRUPO GAYOSSO",
        "Tipo de transacción": "Transferencia",
        "Clasificación": "Ingreso",
        "Quien realiza o recibe el pago": "GRUPO GAYOSSO",
        "Monto de la transacción": 22092.2,
        "Numero de referencia o folio": "0164711021",
        "Numero de cuenta origen": "0164711021",
        "Numero de cuenta destino": "0151208691",
        "Metodo de pago": "SPEI",
        "Sucursal o ubicacion": "",
        "Giro de la transacción": "",
        "Giro sugerido": "",
        "Análisis monto": "",
        "Análisis contraparte": "",
        "Análisis naturaleza": ""
    },
    {
        "Fecha de la transacción": "30/04/2025",
        "Nombre de la transacción": "SPEI RECIBIDOSANTANDER 18,560.00 6405919 TRANSFERENCIA DE FONDOS Ref. 0165313279 014 2025043040014NVCO0000764059190 SANTANDER",
        "Nombre resumido": "Transferencia SPEI de BANCO A TERCERO",
        "Tipo de transacción": "Transferencia",
        "Clasificación": "Ingreso",
        "Quien realiza o recibe el pago": "BANCO A TERCERO",
        "Monto de la transacción": 18560.0,
        "Numero de referencia o folio": "0165313279",
        "Numero de cuenta origen": "0165313279",
        "Numero de cuenta destino": "0151208691",
        "Metodo de pago": "SPEI",
        "Sucursal o ubicacion": "",
        "Giro de la transacción": "",
        "Giro sugerido": "",
        "Análisis monto": "",
        "Análisis contraparte": "",
        "Análisis naturaleza": ""
    },
    {
        "Fecha de la transacción": "30/04/2025",
        "Nombre de la transacción": "SPEI RECIBIDOBANAMEX 17,127.40 0000665PAGO DE SU FACTURA SOWILO Ref. 0166476204 002",
        "Nombre resumido": "Transferencia SPEI de tercero",
        "Tipo de transacción": "Transferencia",
        "Clasificación": "Ingreso",
        "Quien realiza o recibe el pago": "",
        "Monto de la transacción": 17127.4,
        "Numero de referencia o folio": "0166476204",
        "Numero de cuenta origen": "0166476204",
        "Numero de cuenta destino": "0151208691",
        "Metodo de pago": "SPEI",
        "Sucursal o ubicacion": "",
        "Giro de la transacción": "",
        "Giro sugerido": "",
        "Análisis monto": "",
        "Análisis contraparte": "",
        "Análisis naturaleza": ""
    },
    {
        "Fecha de la transacción": "30/04/2025",
        "Nombre de la transacción": "SPEI RECIBIDOBANAMEX 31,494.00 0000653F-660 PAGO DE SUS FACTURAS Ref. 0166729101 002 00002215010478499657 085907483414312057",
        "Nombre resumido": "Transferencia SPEI de SERVICIOS A PREVISION",
        "Tipo de transacción": "Transferencia",
        "Clasificación": "Ingreso",
        "Quien realiza o recibe el pago": "SERVICIOS A PREVISION SAN RAFAEL M",
        "Monto de la transacción": 31494.0,
        "Numero de referencia o folio": "0166729101",
        "Numero de cuenta origen": "0166729101",
        "Numero de cuenta destino": "0151208691",
        "Metodo de pago": "SPEI",
        "Sucursal o ubicacion": "",
        "Giro de la transacción": "",
        "Giro sugerido": "",
        "Análisis monto": "",
        "Análisis contraparte": "",
        "Análisis naturaleza": ""
    },
    {
        "Fecha de la transacción": "30/04/2025",
        "Nombre de la transacción": "SPEI RECIBIDOSANTANDER 11,600.00 6987303pago de su facura Ref. 0166987469 014 00014215655029506795 20250430400140BET0000469873030 CORPORATIVO PREVISOR SAN RAFAEL SA DE CV",
        "Nombre resumido": "Transferencia SPEI de SERVICIOS A PREVISION",
        "Tipo de transacción": "Transferencia",
        "Clasificación": "Ingreso",
        "Quien realiza o recibe el pago": "SERVICIOS A PREVISION SAN RAFAEL M",
        "Monto de la transacción": 11600.0,
        "Numero de referencia o folio": "0166987469",
        "Numero de cuenta origen": "0166987469",
        "Numero de cuenta destino": "0151208691",
        "Metodo de pago": "SPEI",
        "Sucursal o ubicacion": "",
        "Giro de la transacción": "",
        "Giro sugerido": "",
        "Análisis monto": "",
        "Análisis contraparte": "",
        "Análisis naturaleza": ""
    },
    {
        "Fecha de la transacción": "30/04/2025",
        "Nombre de la transacción": "SPEI RECIBIDOHSBC 19,360.40 0000004URNAS DE MADERA Ref. 0167776992 021",
        "Nombre resumido": "Transferencia SPEI de tercero",
        "Tipo de transacción": "Transferencia",
        "Clasificación": "Ingreso",
        "Quien realiza o recibe el pago": "",
        "Monto de la transacción": 19360.4,
        "Numero de referencia o folio": "0167776992",
        "Numero de cuenta origen": "0167776992",
        "Numero de cuenta destino": "0151208691",
        "Metodo de pago": "SPEI",
        "Sucursal o ubicacion": "",
        "Giro de la transacción": "",
        "Giro sugerido": "",
        "Análisis monto": "",
        "Análisis contraparte": "",
        "Análisis naturaleza": ""
    },
    {
        "Fecha de la transacción": "30/04/2025",
        "Nombre de la transacción": "SPEI RECIBIDOBAJIO 2,763.20 1,165,807.41 1,123,871.09 0001032PAGO FACT FF1032 Ref. 0168006233 030",
        "Nombre resumido": "Transferencia SPEI de tercero",
        "Tipo de transacción": "Transferencia",
        "Clasificación": "Ingreso",
        "Quien realiza o recibe el pago": "",
        "Monto de la transacción": 2763.2,
        "Numero de referencia o folio": "0168006233",
        "Numero de cuenta origen": "0168006233",
        "Numero de cuenta destino": "0151208691",
        "Metodo de pago": "SPEI",
        "Sucursal o ubicacion": "",
        "Giro de la transacción": "",
        "Giro sugerido": "",
        "Análisis monto": "",
        "Análisis contraparte": "",
        "Análisis naturaleza": ""
    }
]